日付,区分,時限,科目コード,科目名,担当教員,講義室
28(火),授業,1-2,ARC.P305,国土・都市計画論,"中井 検裕,十代田 朗Nakai Norihiro,Soshiroda Akira",W933
28(火),期末試験,1-2,CAP.A353,エネルギー・資源変換化学第三（光エネルギー変換）,和田 雄二Wada Yuji,S422
28(火),授業,1-2,CVE.C311,地盤調査・施工学,"北詰 昌樹,竹村 次朗 他Kitazume Masaki,Takemura Jiro et al.",M113
28(火),授業,1-2,CVE.D211,国土・都市計画概論,"朝倉 康夫,中井 検裕Asakura Yasuo, Nakai Norihiro","W933,M111"
28(火),授業,1-2,EEE.S361,光エレクトロニクス,"小山 二三夫,植之原 裕行Koyama Fumio, Uenohara Hiroyuki",S223
28(火),授業,1-2,IEE.B204,マクロ経済学第二,大土井 涼二Ohdoi Ryoji,W934
28(火),授業,1-2,IEE.B333,環境経済学,"棟居 洋介,増井 利彦 他Munesue Yosuke, Masui Toshihiko et al.",W932
28(火),期末試験,1-2,LAL.C204-01,中国語初級４ C01,劉 岸偉Liu Anwei,"1ラボ,Language Lab 1"
28(火),授業&試験,1-2,LAL.C204-03,中国語初級４ C03,※真鍋 丁香※Manabe Teika,"2ラボ,Language Lab 2"
28(火),授業&試験,1-2,LAL.C204-04,中国語初級４ C04,※城 愛裕美※Zyo Ayumi,W323
28(火),授業&試験,1-2,LAL.C204-05,中国語初級４ C05,※山木 雅美※Yamaki Masami,"4ラボ,Language Lab 4"
28(火),授業&試験,1-2,LAL.C204-06,中国語初級４ C06,※朴 敬玉※Piao Jingyu,"3ラボ,Language Lab 3"
28(火),授業,1-2,LAL.F204-01,フランス語初級４ F01,JEAN FRANCOISE MARIE-MONIQUEJean Francoise,"W3-412,ゼミナール室,W3-412,Seminar Room"
28(火),授業&試験,1-2,LAL.F204-02,フランス語初級４ F02,※佐々木 匠※Sasaki Takumi,H102
28(火),授業&試験,1-2,LAL.G204-01,ドイツ語初級４ D11,※小笠原 能仁※Ogasawara Yoshihito,W371
28(火),授業,1-2,LAL.G204-02,ドイツ語初級４ D12,山崎 太郎Yamazaki Tarou,W332
28(火),授業,1-2,LAL.G204-03,ドイツ語初級４ D13,安德 万貴子Antoku Makiko,H104
28(火),授業&試験,1-2,LAL.R204-01,ロシア語初級４ R01,※桑田 匡之※Kuwata Masayuki,W322
28(火),授業&試験,1-2,LAS.C107-11,化学熱力学基礎 A,西野 智昭Nishino Tomoaki,S221
28(火),授業&試験,1-2,LAS.C107-12,化学熱力学基礎 B,前田 和彦Maeda Kazuhiko,W242
28(火),授業&試験,1-2,LAS.C107-13,化学熱力学基礎 C,※飯田 肇※Iida Hajime,W351
28(火),授業&試験,1-2,LAS.C107-14,化学熱力学基礎 D,小澤 健一Ozawa Kenichi,W321
28(火),授業&試験,1-2,LAS.C107-19,化学熱力学基礎 English Class,JUHASZ GERGELY MIKLOSJuhasz Gergely,H112
28(火),授業,1-2,LAS.M106-08,線形代数学第二 S(61～70),※黒川 信重※Kurokawa Nobushige,W541
28(火),授業,1-2,LAS.M106-09,線形代数学第二 T(71～80),遠藤 久顕Endo Hisaaki,S222
28(火),期末試験,1-2,LAS.P104-01,電磁気学基礎２ A,今村 洋介Imamura Yosuke,W521
28(火),期末試験,1-2,LAS.P104-02,電磁気学基礎２ B,相川 清隆Aikawa Kiyotaka,W621
28(火),期末試験,1-2,LAS.P104-03,電磁気学基礎２ C,藤澤 利正Fujisawa Toshimasa,W631
28(火),期末試験,1-2,LAS.P104-04,電磁気学基礎２ D,中村 隆司Nakamura Takashi,W611
28(火),授業,1-2,LST.A247,生物無機化学,"上野 隆史, 蒲池 利章Ueno Takafumi,Kamachi Toshiaki",H101
28(火),授業,1-2,LST.A248,遺伝学,"立花 和則,若林 憲一 他Tachibana Kazunori,Wakabayashi Ken-Ichiet al.",H121
28(火),授業,1-2,MAT.C316,生体材料学,"生駒 俊之,※陳 国平Ikoma Toshiyuki,※Chen Guoping",S7-202
28(火),授業,1-2,MEC.C211-02,弾塑性力学 B,"井上 裕嗣, 水谷 義弘Inoue Hirotsugu,Mizutani Yoshihiro",I121
28(火),授業,1-2,TSE.A201-02,材料・物性工学基礎,"髙橋 邦夫, 日野出 洋文 他Takahashi Kunio,Hinode Hirofumi et al.",S513
28(火),授業,1-2,TSE.A201-03,材料・物性工学基礎,"髙橋 邦夫,日野出 洋文 他Takahashi Kunio,Hinode Hirofumi et al.",S514
28(火),授業,1-4,MEC.E331,エネルギー変換工学,"平井 秀一郎,小酒 英範 他Hirai Shuichiro, Kosaka Hidenori et al.",S011
28(火),授業,1-4,MEC.P212-01,機械系応用実験 A,各 教員Teaching Staffs,"石川台1号館204,253号室"
28(火),期末試験,3-4,CAP.A275,無機化学（固体化学）,大友 明Ohtomo Akira,S621
28(火),授業,3-4,CAP.C213,化学プロセスシステム第一（解析・合成）,松本 秀行Matsumoto Hideyuki,S421
28(火),期末試験,3-4,CAP.A382,分析化学演習,山中 一郎Yamanaka Ichiro,S422
28(火),授業,3-4,CHM.C202,化学統計熱力学,西野 智昭Nishino Tomoaki,H113
28(火),授業,3-4,CSC.T375,システム構築演習,"佐伯 元司,小林 隆志 他Saeki Motoshi,Kobayashi Takashi et al.",情報工学系計算機室
28(火),授業,3-4,CVE.B202,水理学第二,"鼎 信次郎,吉村 千洋Kanae Shinjiro,Yoshimura Chihiro",M114
28(火),授業,3-4,CVE.N301,土木史・土木技術者倫理,"朝倉 康夫,北詰 昌樹 他Asakura Yasuo,Kitazume Masaki et al.",M113
28(火),授業,3-4,EEE.P301,電気機器工学,"千葉 明,萩原 誠Chiba Akira,Hagiwara Makoto",S221
28(火),授業,3-4,EEE.P322,電力工学第二,"七原 俊也,河邊 賢一Nanahara Toshiya, Kawabe Kenichi",S321
28(火),授業,3-4,EPS.A336,地球惑星ダイナミクス,"中島 淳一,小川 康雄Nakajima Junichi,Ogawa Yasuo",I2-318
28(火),授業,3-4,ICT.I317,組み込みシステム,"長谷川 晶一,中原 啓貴Hasegawa Shoichi,Nakahara Hiroki",W621
28(火),授業,3-4,IEE.C301,経営情報システム,妹尾 大Senoo Dai,W933
28(火),授業,3-4,IEE.D203,マーケティング,鍾 淑 玲 Chung Su-Lin,W932
28(火),授業&試験,3-4,LAL.C204-07,中国語初級４ C07,戦 暁梅Zhan Xiaomei,"4ラボ,Language Lab 4"
28(火),授業,3-4,LAL.F204-03,フランス語初級４ F03,JEAN FRANCOISE MARIE-MONIQUEJean Francoise,"3ラボ,Language Lab 3"
28(火),授業&試験,3-4,LAL.G204-06,ドイツ語初級４ D21,※小笠原 能仁※Ogasawara Yoshihito,W371
28(火),授業&試験,3-4,LAL.R204-03,ロシア語初級４ R03,※桑田 匡之※Kuwata Masayuki,W322
28(火),期末試験,3-4,LAS.C105-11,量子化学基礎 I,豊田 真司Toyota Shinji,W641
28(火),期末試験,3-4,LAS.C105-13,量子化学基礎 K,石川 謙Ishikawa Ken,W521
28(火),授業&試験,3-4,LAS.C105-14,量子化学基礎 L,山﨑 優一Yamazaki Masakazu,W242
28(火),授業,3-4,LAS.M105-07,微分積分学第二 O(21～30),※梶原 健※Kajiwara Takeshi,H101
28(火),授業,3-4,LAS.M105-08,微分積分学第二 P(31～40),KALMAN TAMASKalman Tamas,W541
28(火),授業,3-4,LAS.M105-09,微分積分学第二 W,PURKAIT SOMAPurkait Soma,H111
28(火),授業,3-4,LAS.P104-05,電磁気学基礎２ E,陣 内 修Jinnouchi Osamu,W323
28(火),期末試験,3-4,LAS.P104-07,電磁気学基礎２ G,宗片 比呂夫Munekata Hiro,S222
28(火),期末試験,3-4,LAS.P104-08,電磁気学基礎２ H,河村 徹Kawamura Toru,W631
28(火),授業,3-4,LST.A246,生命情報学,"伊藤 武彦, 櫻井 実 他Itoh Takehiko, Sakurai Minoru et al.",H121
28(火),授業,3-4,LST.A249,生物化学工学,"丹治 保典,上田 宏 他Tanji Yasunori, Ueda Hiroshi et al.",H135
28(火),授業,3-4,MAT.C314,環境の科学,"宮内 雅浩,※徳留 弘優Miyauchi Masahiro, ※Tokudome Hiromasa",S7-202
28(火),授業,3-4,MAT.M301,金属材料解析,"曽根 正人,稲邑 朋也 他Sone Masato,Inamura Tomonari et al.",S8-101
28(火),期末試験,3-4,MAT.P396,有機機能生化学,※平石 知裕※Hiraishi Tomohiro,S8-102
28(火),授業,3-4,MCS.T232,複素解析,"西畑 伸也,梅原 雅顕 他Nishibata Shinya, Umehara Masaaki et al.",W833
28(火),授業,3-4,MCS.T332,データ解析,渡邊 澄夫Watanabe Sumio,W834
28(火),授業,3-4,MTH.C331,複素解析続論,藤川 英華Fujikawa Ege,H136
28(火),期末試験,3-4,MTH.U214,基礎工業数学第二b,※滝口 孝志※Takiguchi Takashi,W611
28(火),授業,3-4,PHY.C341,物性物理学I,"平原 徹,平山 博之Hirahara Toru, Hirayama Hiroyuki",H116
28(火),授業,3-4,PHY.Q208,量子力学II,"慈道 大介,村上 雄太 他Jido Daisuke,Murakami Yuta et al.",W935
28(火),期末試験,3-4,ZUA.B203,集合と位相第二,五味 清紀Gomi Kiyonori,H103
28(火),授業,3-4,ZUB.Q206,量子力学第二,慈道 大介Jido Daisuke,W935
28(火),期末試験,3-8,MTH.B204,位相空間論第四,"五味 清紀,正井 秀俊Gomi Kiyonori,Masai Hidetoshi",H103
28(火),授業,5-6,ARC.E202,建築環境設備学（建築設備）,"湯淺 和博,鍵 直樹 他Yuasa Kazuhiro,Kagi Naoki et al.",W934
28(火),授業&試験,5-6,CAP.B214-01,有機化学第四（求核置換反応） A,大塚 英幸Otsuka Hideyuki,S421
28(火),授業&試験,5-6,CAP.B214-02,有機化学第四（求核置換反応） B,伊藤 繁和Ito Shigekazu,S621
28(火),期末試験,5-6,CSC.T271,データ構造とアルゴリズム,小池 英樹Koike Hideki,W242
28(火),授業,5-6,CSC.T374,システム制御,石井 秀明Ishii Hideaki,W611
28(火),授業,5-6,CVE.L212,土木工学英語第三,"WIJEYEWICKREMA ANIL CHRISTOPHER BUI QUOC TINHWijeyewickrema Anil, Bui Tinh Quoc",緑が丘5号館M5会議室
28(火),授業,5-6,EEE.C261,制御工学,"千葉 明,西方 敦博Chiba Akira, Nishikata Atsuhiro",S221
28(火),授業,5-6,EEE.P341,電力エネルギー変換工学,小栗 慶之Oguri Yoshiyuki,S224
28(火),授業,5-6,ICT.H217,論理と推論,"奥村 学,篠﨑 隆宏Okumura Manabu,Shinozaki Takahiro","前半:W323,後半:VLSI設計室"
28(火),授業,5-6,LST.A217,有機化学第四(カルボニル化合物，アミン),"松田 知子,占部 弘和 他Matsuda Tomoko,Urabe Hirokazu et al.",H121
28(火),授業,5-6,MAT.M206,金属の電子構造と物性,"史 蹟,中村 吉男Shi Ji,Nakamura Yoshio",S8-101
28(火),授業&試験,5-6,MAT.P202,量子化学B,大内 幸雄Ouchi Yukio,S8-102
28(火),授業,5-6,MCS.T233,計算機システム,"遠藤 敏夫,額田 彰Endo Toshio, Nukada Akira",W621
28(火),授業,5-6,MTH.B341,位相幾何学,野 坂 武 史 Nosaka Takefumi,H136
28(火),授業,5-6,PHY.F352,宇宙物理学,河 合 誠 之 Kawai Nobuyuki,H135
28(火),授業,5-6,SCE.S303,バイオシステム基礎,"中島 求,倉林 大輔 他Nakashima Motomu, Kurabayashi Daisuke etal.",S514
28(火),授業,5-6,TSE.A305,電磁気学（融合理工）,"飯尾 俊二, 片渕 竜也Iio Shunji,Katabuchi Tatsuya",S611
28(火),授業,5-6,TSE.M202-02,偏微分方程式と物理現象,"木内 豪,中村 恭志 他Kinouchi Tsuyoshi, Nakamura Takashi et al.",S513
28(火),授業&試験,5-6,XMC.A104,物質理工学概論C,"冨田 育義,大河内 美奈 他Tomita Ikuyoshi,Okochi Mina et al.","W521,W541"
28(火),授業,5-6,ZUB.Q218,量子力学演習第二,"慈道 大介,村上 雄太 他Jido Daisuke, Murakami Yuta et al.","H102,H104"
28(火),授業,5-7,ARC.A304,建築設計製図第四,"塚本 由晴,奥山 信一 他Tsukamoto Yoshiharu, Okuyama Shinichi etal.","建 築 製 図 室 , W9-511設計製図室"
28(火),授業,5-8,CAP.A302,応用化学実験（専門）第二,"田中 浩士,桑田 繁樹 他Tanaka Hiroshi,Kuwata Shigeki et al.","H113,H114,H115"
28(火),授業,5-8,CHM.D305,有機化学総合実験,"江口 正,鈴木 啓介 他Eguchi Tadashi,Suzuki Keisuke et al.",南1号館化学コース実験室
28(火),期末試験,5-8,IEE.D202,会計基礎論,永田 京子Nagata Kyoko,W933
28(火),授業,5-8,MAT.C352,セラミックス実験第三,"宮内 雅浩,山口 晃 他Miyauchi Masahiro Yamaguchi Akira et al.","S7-204,S7-209"
28(火),授業,5-8,MAT.M352,金属工学実験第三,"小林 郁夫, 竹山 雅夫 他Kobayashi Equo, Takeyama Masao et al.",S8-110他
28(火),授業,5-8,MAT.P352,有機材料工学実験第三,"森川 淳子,赤坂 修一 他Morikawa Junko,Akasaka Syuichi et al.","S8-108,S8-109"
28(火),授業,5-8,MEC.C211-01,弾塑性力学 A,"井上 裕嗣,水谷 義弘Inoue Hirotsugu,Mizutani Yoshihiro",I121
28(火),授業,5-8,MEC.P212-02,機械系応用実験 B,各 教員Teaching Staffs,"石川台1号館204,253号室"
28(火),授業,5-8,MEC.Q311,機械システム開発プロジェクト,各教員Academic Supervisor,"石川台3号館201A,201B,201C,301,302,303号室"
28(火),期末試験,7-8,CAP.B224,無機化学（元素と化合物）,"髙尾 俊郎,大友 明Takao Toshiro,Ohtomo Akira",S421
28(火),授業,7-8,CSC.T342,問題解決と意思決定,"出口 弘,小野 功 他Deguchi Hiroshi, Ono Isao et al.",W611
28(火),授業,7-8,EEE.C341,集積回路工学,若 林 整 Wakabayashi Hitoshi,S222
28(火),授業,7-8,ICT.I216,計算機論理設計（情報通信）,"一色 剛, 渡辺 義浩Isshiki Tsuyoshi,Watanabe Yoshihiro",S422
28(火),授業,7-8,LAS.D104-01,図形科学とCG2 A,"岩附 信行,菅原 雄介 他Iwatsuki Nobuyuki,Sugahara Yusuke et al.",I3-303コンピュータ室ならびにI3-310
28(火),授業,7-8,LST.A218,生物化学第二,"和地 正明,白木 伸明 他Wachi Masaaki,Shiraki Nobuaki et al.",H121
28(火),授業,7-8,MAT.C206,セラミックスプロセシング,"中島 章,磯部 敏宏Nakajima Akira, Isobe Toshihiro",S7-201
28(火),授業,7-8,MAT.P215,無機化学,森 健彦Mori Takehiko,S8-102
28(火),授業,7-8,MCS.Z381-02,研究プロジェクト（数理・計算科学系）,各 教員Teaching Staffs,W8-W1008コラボレーションルーム
28(火),授業,7-8,PHY.L210,計算物理,※板橋 健太※Itahashi Kenta,南4号館情報ネットワーク演習室第２演習室
28(火),授業,9-10,LAS.M108-07,線形代数学演習第二 R(51～60),野田 洋二Noda Yoji,W521
29(水),期末試験,1-2,EEE.D391,半導体加工プロセス,宮本 恭幸Miyamoto Yasuyuki,S421
29(水),授業,1-2,EEE.S341,通信理論（電気電子）,"植之原 裕行,青柳 貴洋Uenohara Hiroyuki,Aoyagi Takahiro",S221
29(水),授業,1-2,LAE.E154-03,TOEFL対策セミナー（リスニング＆スピーキング）第四 3,安納 真理子Anno Mariko,W641
29(水),授業&試験,1-2,LAE.E158-01,TOEFL対策セミナー（リーディング＆ライティング）第四 1,薩摩 竜郎Satsuma Tatsuro,W242
29(水),授業,1-2,LAE.E311-18,英語第九 18 再履修,田村 斉敏Tamura Masatoshi,W621
29(水),授業,1-2,LAE.E311-19,英語第九 19 再履修,北川 依子Kitagawa Yoriko,H104
29(水),期末試験,1-2,LAL.C204-08,中国語初級４ C08,劉 岸偉Liu Anwei,W323
29(水),授業&試験,1-2,LAL.C204-09,中国語初級４ C09,※陳 焔※Chen Yen,H116
29(水),授業&試験,1-2,LAL.C204-10,中国語初級４ C10,※真鍋 丁香※Manabe Teika,"1ラボ,Language Lab 1"
29(水),授業&試験,1-2,LAL.C204-11,中国語初級４ C11,※藤田 梨那※Fujita Rina,"2ラボ,Language Lab 2"
29(水),授業&試験,1-2,LAL.C204-12,中国語初級４ C12,※馮 青※Feng Qing,"3ラボ,Language Lab 3"
29(水),授業,1-2,LAL.F204-04,フランス語初級４ F04,JEAN FRANCOISE MARIE-MONIQUEJean Francoise,"4ラボ,Language Lab 4"
29(水),授業&試験,1-2,LAL.F204-05,フランス語初級４ F05,※三宅 京子※Miyake Kyouko,W331
29(水),授業&試験,1-2,LAL.F204-06,フランス語初級４ F06,※梶田 裕※Kajita Yu,W831
29(水),授業&試験,1-2,LAL.G204-04,ドイツ語初級４ D14,※橘 宏亮※Tachibana Hirosuke,H113
29(水),授業&試験,1-2,LAL.G204-07,ドイツ語初級４ D31,※岡本 雅克※Okamoto Masakatsu,H137
29(水),授業,1-2,LAL.G204-08,ドイツ語初級４ D32,山崎 太郎Yamazaki Tarou,S516
29(水),授業,1-2,LAL.G204-09,ドイツ語初級４ D33,安德 万貴子Antoku Makiko,W321
29(水),授業&試験,1-2,LAL.G204-10,ドイツ語初級４ D34,※立石 拓也※Tateishi Takuya,H114
29(水),授業&試験,1-2,LAL.K354,韓国語４,※承 賢珠※Sun Hyonju,H117
29(水),授業&試験,1-2,LAL.R204-02,ロシア語初級４ R02,※小西 昌隆※Konishi Masataka,W332
29(水),授業&試験,1-2,LAL.R204-04,ロシア語初級４ R04,※松本 隆志※Matumoto Takashi,"W3-412,ゼミナール室,W3-412,Seminar Room"
29(水),授業&試験,1-2,LAL.R204-05,ロシア語初級４ R05,齋藤 宏文Saito Hirofumi,S224
29(水),授業&試験,1-2,LAL.S354,スペイン語４,※大場 樹精※Oba Kodama,H118
29(水),授業,1-2,LAS.I122-05,コンピュータサイエンス第二 3a(CS2),※坂野 遼平※Banno Ryohei,W351
29(水),期末試験,1-2,LAS.I122-06,コンピュータサイエンス第二 3b(CS2),※仲道 嘉夫※Nakamichi Yoshio,W631
29(水),授業,1-2,LAS.M107-07,微分積分学演習第二 O(21～30),皆川 龍博Minagawa Tatsuhiro,W241
29(水),授業,1-2,LAS.M107-08,微分積分学演習第二 P(31～40),田辺 正晴Tanabe Masaharu,H121
29(水),授業,1-2,LAS.M107-09,微分積分学演習第二 W,PURKAIT SOMAPurkait Soma,H111
29(水),授業,1-2,LAS.M108-06,線形代数学演習第二 Q(41～50),若林 泰央Wakabayashi Yasuhiro,H101
29(水),授業,1-2,TSE.A204-02,反応工学基礎,"日野出 洋文,江頭 竜一 他Hinode Hirofumi,Egashira Ryuichi et al.",S622
29(水),授業,1-4,ARC.D202,西洋建築史,藤田 康仁Fujita Yasuhito,M111
29(水),授業,1-4,TSE.A324,プログラミングと数値解析応用,"山下 幸彦,秋田 大輔Yamashita Yukihiko,Akita Daisuke",学術国際情報センター3F第1実習室
29(水),授業,3-4,CAP.C211,エネルギー操作,森 伸介Mori Shinsuke,S423
29(水),授業&試験,3-4,CAP.P222,高分子物理第二（固体構造）,安藤 慎治Ando Shinji,S421
29(水),授業&試験,3-4,EEE.P361,電気法規および施設管理,安岡 康一Yasuoka Koichi,S224
29(水),授業&試験,3-4,LAE.E134-01,英語スピーキング演習第四 1,※STONEBURGH MARK※Stoneburgh Mark,W833
29(水),授業&試験,3-4,LAE.E158-02,TOEFL対策セミナー（リーディング＆ライティング）第四 2,石原 由貴Ishihara Yuki,W242
29(水),授業,3-4,LAE.E164,TOEIC対策セミナー第四,木内 久美子Kiuchi Kumiko,W611
29(水),授業,3-4,LAE.E311-20,英語第九 20 再履修,田村 斉敏Tamura Masatoshi,W621
29(水),授業,3-4,LAE.E311-21,英語第九 21 再履修,北川 依子Kitagawa Yoriko,H104
29(水),期末試験,3-4,LAL.C204-13,中国語初級４ C13,劉 岸偉Liu Anwei,W322
29(水),授業&試験,3-4,LAL.C204-14,中国語初級４ C14,※陳 焔※Chen Yen,W323
29(水),授業&試験,3-4,LAL.C204-15,中国語初級４ C15,※真鍋 丁香※Manabe Teika,W331
29(水),授業&試験,3-4,LAL.C204-16,中国語初級４ C16,※藤田 梨那※Fujita Rina,"2ラボ,Language Lab 2"
29(水),授業&試験,3-4,LAL.C204-17,中国語初級４ C17,※馮 青※Feng Qing,"3ラボ,Language Lab 3"
29(水),授業&試験,3-4,LAL.C204-18,中国語初級４ C18,※陳 喜※Chin Ki,"4ラボ,Language Lab 4"
29(水),授業&試験,3-4,LAL.C204-19,中国語初級４ C19,戦 暁梅Zhan Xiaomei,W832
29(水),授業&試験,3-4,LAL.F204-07,フランス語初級４ F07,三ツ堀 広一郎Mitsubori Koichiro,H116
29(水),授業&試験,3-4,LAL.F204-08,フランス語初級４ F08,※三宅 京子※Miyake Kyouko,H102
29(水),授業&試験,3-4,LAL.F204-09,フランス語初級４ F09,※梶田 裕※Kajita Yu,W831
29(水),授業&試験,3-4,LAL.G204-11,ドイツ語初級４ D41,※橘 宏亮※Tachibana Hirosuke,H113
29(水),授業,3-4,LAL.G204-12,ドイツ語初級４ D42,山崎 太郎Yamazaki Tarou,S516
29(水),授業,3-4,LAL.G204-13,ドイツ語初級４ D43,安德 万貴子Antoku Makiko,W321
29(水),授業&試験,3-4,LAL.G204-14,ドイツ語初級４ D44,※SATO GEB BRAKEBUSCH ASTRID※Sato Geb Brakebusch Astrid,H119B
29(水),授業&試験,3-4,LAL.G204-15,ドイツ語初級４ D45,※岡本 雅克※Okamoto Masakatsu,H137
29(水),授業&試験,3-4,LAL.R204-06,ロシア語初級４ R06,河村 彩Kawamura Aya,H119A
29(水),授業,3-4,LAL.R204-07,ロシア語初級４ R07,※鈴木 佑也※Suzuki Yuya,"1ラボ,Language Lab 1"
29(水),授業&試験,3-4,LAL.R204-08,ロシア語初級４ R08,※上野 理恵※Ueno Rie,W332
29(水),期末試験,3-4,LAS.I122-07,コンピュータサイエンス第二 4a(CS2),南出 靖彦Minamide Yasuhiko,W351
29(水),授業,3-4,LAS.I122-08,コンピュータサイエンス第二 4b(CS2),永籐 直行Nagatou Naoyuki,W631
29(水),授業,3-4,LAS.M107-05,微分積分学演習第二 M(1～10),河井 真吾Kawai Shingo,W241
29(水),授業,3-4,LAS.M108-08,線形代数学演習第二 S(61～70),若林 泰央Wakabayashi Yasuhiro,H101
29(水),期末試験,3-4,MAT.P323,有機材料物性B,淺井 茂雄Asai Shigeo,S8-102
29(水),期末試験,3-4,MEC.D231,解析力学基礎（機械）,髙原 弘樹Takahara Hiroki,H121
29(水),授業,3-4,MTH.C361,確率論,二宮 祥一Ninomiya Syoiti,H103
29(水),授業,3-4,TSE.M204-02,統計とデータ解析,"花岡 伸也,高橋 史武 他Hanaoka Shinya, Takahashi Fumitake et al.",S513
29(水),授業&試験,5-6,LAE.E112-41,英語第二 再1,石原 由貴Ishihara Yuki,W621
29(水),授業&試験,5-6,LAE.E112-42,英語第二 再2,原田 大介Harada Daisuke,H137
29(水),授業&試験,5-6,LAE.E112-44,英語第二 再3,小泉 勇人Koizumi Yuto,W935
29(水),授業&試験,5-6,LAE.E154-02,TOEFL対策セミナー（リスニング＆スピーキング）第四 2,※STONEBURGH MARK※Stoneburgh Mark,W331
29(水),授業&試験,5-6,LAE.E212-49,英語第六 再1,石原 由貴Ishihara Yuki,W621
29(水),授業&試験,5-6,LAE.E212-50,英語第六 再2,原田 大介Harada Daisuke,H137
29(水),授業&試験,5-6,LAE.E212-52,英語第六 再3,小泉 勇人Koizumi Yuto,W935
29(水),授業,5-6,LAE.E311-22,英語第九 22 再履修,山根 亮一Yamane Ryoichi,H102
29(水),授業,5-6,LAE.E311-23,英語第九 23 再履修,谷岡 健彦Tanioka Takehiko,H113
29(水),授業,5-6,LAE.E362,アカデミックライティング第十二,KIYAMA LORINDA ROBERTSONKiyama Lorinda,H104
29(水),授業,5-6,LAJ.J104-01,日本語２Ｂ A,山元 啓史Yamamoto Hilofumi,W931
29(水),授業,5-6,LAJ.J104-02,日本語２Ｂ B,佐藤 礼子Sato Reiko,W932
29(水),授業,5-6,LAL.C234,中国語セミナー（入門・基礎）４,※劉 岸麗※Liu Anli,"4ラボ,Language Lab 4"
29(水),期末試験,5-6,LAL.C344,中国語上級４,劉 岸偉Liu Anwei,W322
29(水),授業,5-6,LAL.F234,フランス語セミナー（入門・基礎）４,JEAN FRANCOISE MARIE-MONIQUEJean Francoise,西3号館8階会議室
29(水),授業,5-6,LAL.F344,フランス語上級４,三ツ堀 広一郎Mitsubori Koichiro,W332
29(水),授業&試験,5-6,LAL.G234,ドイツ語セミナー（入門・基礎）４,※SATO GEB BRAKEBUSCH ASTRID※Sato Geb Brakebusch Astrid,"W3-412,ゼミナール室,W3-412,Seminar Room"
29(水),授業,5-6,LAL.G334,ドイツ語中級４,安德 万貴子Antoku Makiko,W321
29(水),授業,5-6,LAL.G344,ドイツ語上級４,山崎 太郎Yamazaki Tarou,W611
29(水),授業&試験,5-6,LAL.L304,古典ラテン語４,※金澤 修※Kanazawa Osamu,"1ラボ,Language Lab 1"
29(水),授業,5-6,LAL.R234,ロシア語セミナー（入門・基礎）４,※岡野 エレナ※Okano Elena,"2ラボ,Language Lab 2"
29(水),授業&試験,5-6,ZEN.E396-01,英語6 1,薩摩 竜郎Satsuma Tatsuro,W371
29(水),授業&試験,7-8,LAE.E134-02,英語スピーキング演習第四 2,※STONEBURGH MARK※Stoneburgh Mark,W331
29(水),授業,7-8,LAE.E311-24,英語第九 24 再履修,谷岡 健彦Tanioka Takehiko,W322
29(水),授業,7-8,LAJ.J204-01,日本語４Ｂ A,山元 啓史Yamamoto Hilofumi,W931
29(水),授業&試験,7-8,LAL.A304,古典ギリシア語４,※金澤 修※Kanazawa Osamu,"1ラボ,Language Lab 1"
29(水),授業&試験,7-8,LAL.C334,中国語中級４,戦 暁梅Zhan Xiaomei,3ラボ
29(水),授業,7-8,LAL.C364,中国語セミナー（応用・留学）４,※劉 岸麗※Liu Anli,"4ラボ,Language Lab 4"
29(水),授業,7-8,LAL.F334,フランス語中級４,三ツ堀 広一郎Mitsubori Koichiro,W332
29(水),授業,7-8,LAL.F364,フランス語セミナー（応用・留学）４,JEAN FRANCOISE MARIE-MONIQUEJean Francoise,西3号館8階会議室
29(水),授業&試験,7-8,LAL.G364,ドイツ語セミナー（応用・留学）４,※SATO GEB BRAKEBUSCH ASTRID※Sato Geb Brakebusch Astrid,"W3-412,ゼミナール室,W3-412,Seminar Room"
29(水),授業,7-8,LAL.R364,ロシア語セミナー（応用・留学）４,※岡野 エレナ※Okano Elena,"2ラボ,Language Lab 2"
29(水),授業,7-8,LAT.A107,教育制度,鈴木 悠太Suzuki Yuta,W935
29(水),授業,9-10,LAS.M108-07,線形代数学演習第二 R(51～60),野田 洋二Noda Yoji,W521
30(木),授業&試験,1-2,LAE.E114-22,英語第四 22-LS-ADV,※MITCHELL JON※Jon Mitchell,2ラボ
30(木),授業&試験,1-2,LAE.E114-23,英語第四 23-LS-ADV,※STONEBURGH MARK※Stoneburgh Mark,W322
30(木),授業&試験,1-2,LAE.E114-24,英語第四 24-LS-ADV,※NARUM PAUL TIMOTHY※Narum Paul,W332
30(木),授業&試験,1-2,LAE.E114-25,英語第四 25-LS,田村 斉敏Tamura Masatoshi,W935
30(木),授業&試験,1-2,LAE.E114-26,英語第四 26-LS,※川村 由美※Kawamura Yumi,S515
30(木),授業&試験,1-2,LAE.E114-27,英語第四 27-LS,※宮本 朋子※Miyamoto Tomoko,W351
30(木),授業&試験,1-2,LAE.E114-28,英語第四 28-LS,※蒔田 裕美※Makita Hiromi,W321
30(木),授業,1-2,LAE.E114-29,英語第四 29-LS,KIYAMA LORINDA ROBERTSONKiyama Lorinda,W833
30(木),授業&試験,1-2,LAE.E114-30,英語第四 30-LS,北川 依子Kitagawa Yoriko,H103
30(木),授業&試験,1-2,LAE.E114-31,英語第四 31-LS,薩摩 竜郎Satsuma Tatsuro,3ラボ
30(木),授業&試験,1-2,LAE.E114-32,英語第四 32-RW,※笠原 一郎※Kasahara Ichiro,S514
30(木),授業&試験,1-2,LAE.E114-33,英語第四 33-RW,※福田 一貴※Fukuda Kazutaka,W242
30(木),授業&試験,1-2,LAE.E114-34,英語第四 34-RW,※丸山 令子※Maruyama Reiko,1ラボ
30(木),授業&試験,1-2,LAE.E114-35,英語第四 35-RW,※稲葉 麻里子※Inaba Mariko,4ラボ
30(木),授業&試験,1-2,LAE.E114-36,英語第四 36-RW,※木村 政則※Kimura Masanori,H113
30(木),授業&試験,1-2,LAE.E114-37,英語第四 37-RW,※瀬上 和典※Senoue Kazunori,W331
30(木),授業&試験,1-2,LAE.E114-38,英語第四 38-RW,※倉科 真季※Kurashina Maki,H104
30(木),授業&試験,1-2,LAE.E114-39,英語第四 39-RW,山根 亮一Yamane Ryoichi,W936
30(木),授業&試験,1-2,LAE.E114-40,英語第四 40-RW,原田 大介Harada Daisuke,H114
30(木),授業&試験,1-2,LAE.E114-41,英語第四 41-RW,小泉 勇人Koizumi Yuto,S513
30(木),授業&試験,1-2,LAE.E114-42,英語第四 42-RW,石原 由貴Ishihara Yuki,W371
30(木),授業,1-2,LAE.E334,英語スピーキング演習第十二,※JONATHAN ABEL※Abel Jonathan,H119B
30(木),授業,1-2,LAH.H203,文化人類学Ｂ,※田中 理恵子※Tanaka Rieko,W621
30(木),授業,1-2,LAH.H212,世界文学２,"三ツ堀 広一郎,劉 岸偉  他Mitsubori Koichiro, Liu Anwei et al.",H121
30(木),授業,1-2,LAH.H217,教養特論：アートとデザイン,※田中 みゆき※Tanaka Miyuki,W9-714
30(木),授業,1-2,LAH.S201,法学（憲法）Ｂ,※松村 芳明※Matsumura Yoshiaki,H135
30(木),授業&試験,1-2,LAH.S202,法学（民事法）Ｂ,金子 宏直Kaneko Hironao,W934
30(木),授業&試験,1-2,LAH.S207,社会学Ｂ,※野田 潤※Noda Megumi,W241
30(木),授業,1-2,LAH.T203,技術史Ｂ,※詫間 直樹※Takuma Naoki,W521
30(木),授業,1-2,LAH.T209,社会モデリングＢ,※岩井 淳※Iwai Atsushi,W611
30(木),期末試験,1-2,LAS.I122-09,コンピュータサイエンス第二 5a(CS2),DEFAGO XAVIERDefago Xavier,W631
30(木),授業,1-2,LAS.I122-10,コンピュータサイエンス第二 5b(CS2),※伊知地 宏※Ichiji Hiroshi,"W323,南4号館情報ネットワーク第一演習室"
30(木),授業,1-2,LAS.M105-07,微分積分学第二 O(21～30),※梶原 健※Kajiwara Takeshi,H101
30(木),期末試験,1-2,LAS.M105-08,微分積分学第二 P(31～40),KALMAN TAMASKalman Tamas,W541
30(木),授業,1-2,LAS.M105-09,微分積分学第二 W,PURKAIT SOMAPurkait Soma,H111
30(木),授業,1-2,PHY.C343,化学物理学,金森 英人Kanamori Hideto,H116
30(木),授業,1-2,TSE.A311,原子核工学概論,"小栗 慶之,小原 徹 他Oguri Yoshiyuk, Obara Toru et al.",S222
30(木),授業,3-4,CAP.P212,高分子化学第二（連鎖重合）,佐藤 浩太郎Satoh Kotaro,W621
30(木),授業&試験,3-4,CHM.C204,化学統計熱力学演習,"西野 智昭,金子 哲Nishino Tomoaki,Kaneko Satoshi",H103
30(木),授業&試験,3-4,CSC.T273,オブジェクト指向プログラミング,"小林 隆志,森口 草介Kobayashi Takashi,Moriguchi Sosuke",S222
30(木),授業,3-4,CVE.M203,測量学,"千々和 伸浩,※新名 恭仁Chijiwa Nobuhiro, ※Nina Yasuhito",M111
30(木),授業,3-4,ICT.C214,通信方式,府 川 和 彦 Fukawa Kazuhiko,S423
30(木),授業&試験,3-4,LAE.E214-24,英語第八 24-LS-ADV,※MITCHELL JON※Jon Mitchell,W322
30(木),授業&試験,3-4,LAE.E214-25,英語第八 25-LS,※STONEBURGH MARK※Stoneburgh Mark,W242
30(木),授業&試験,3-4,LAE.E214-26,英語第八 26-LS-ADV,※NARUM PAUL TIMOTHY※Narum Paul,W332
30(木),授業&試験,3-4,LAE.E214-27,英語第八 27-LS,※川村 由美※Kawamura Yumi,S515
30(木),授業&試験,3-4,LAE.E214-28,英語第八 28-LS,※蒔田 裕美※Makita Hiromi,W321
30(木),授業&試験,3-4,LAE.E214-29,英語第八 29-LS,※稲葉 麻里子※Inaba Mariko,4ラボ
30(木),授業&試験,3-4,LAE.E214-30,英語第八 30-LS,DE FERRANTI HUGH BARRY ZIANIDe Ferranti Hugh,W371
30(木),授業&試験,3-4,LAE.E214-31,英語第八 31-RW,※笠原 一郎※Kasahara Ichiro,S514
30(木),授業&試験,3-4,LAE.E214-32,英語第八 32-RW,※福田 一貴※Fukuda Kazutaka,2ラボ
30(木),授業&試験,3-4,LAE.E214-33,英語第八 33-RW,※丸山 令子※Maruyama Reiko,1ラボ
30(木),授業&試験,3-4,LAE.E214-34,英語第八 34-RW,※瀬上 和典※Senoue Kazunori,W331
30(木),授業&試験,3-4,LAE.E214-35,英語第八 35-RW,※木村 政則※Kimura Masanori,H113
30(木),授業&試験,3-4,LAE.E214-36,英語第八 36-RW,※倉科 真季※Kurashina Maki,H104
30(木),授業&試験,3-4,LAE.E214-37,英語第八 37-RW,石原 由貴Ishihara Yuki,3ラボ
30(木),授業&試験,3-4,LAE.E214-38,英語第八 38-RW,※宮本 朋子※Miyamoto Tomoko,W351
30(木),授業,3-4,LAE.E358,TOEFL対策セミナー（リーディング＆ライティング）第十二,※JONATHAN ABEL※Abel Jonathan,H119B
30(木),期末試験,3-4,LAS.I122-11,コンピュータサイエンス第二 6a(CS2),DEFAGO XAVIERDefago Xavier,W631
30(木),授業,3-4,LAS.I122-12,コンピュータサイエンス第二 6b(CS2),※伊知地 宏※Ichiji Hiroshi,"W323,南4号館情報ネットワーク第一演習室"
30(木),期末試験,3-4,LAS.M106-08,線形代数学第二 S(61～70),※黒川 信重※Kurokawa Nobushige,W541
30(木),期末試験,3-4,LAS.M106-09,線形代数学第二 T(71～80),遠藤 久顕Endo Hisaaki,W241
30(木),授業,3-4,LAW.W111-06,健康科学演習 D2,丸山 剛生Maruyama Takeo,運動処方室ほか
30(木),授業,3-4,LAW.W111-07,健康科学演習 D3,※伊藤 信之※Itou Nobuyuki,屋内運動場地下1階武道場
30(木),期末試験,3-4,MTH.B212,幾何学概論第二,山田 光太郎Yamada Kotaro,H136
30(木),授業,3-4,TSE.A205-02,流体工学基礎,"木内 豪,髙木 泰士 他Kinouchi Tsuyoshi,Takagi Hiroshi et al.",S422
30(木),期末試験,5-6,ARC.S204,建築構造材料構法,"横山 裕,三上 貴正Yokoyama Yutaka,Mikami Takamasa",W933
30(木),授業,5-6,CAP.C341,ケミカルエンジニアリングトピックス,"下山 裕介,LIONEL LAM KAR WEIShimoyama Yusuke,Lam Lionel",S422
30(木),授業&試験,5-6,CHM.B332,光化学,"石谷 治,前田 和彦Ishitani Osamu,Maeda Kazuhiko",W932
30(木),授業,5-6,EEE.C211,アナログ電子回路,"鈴木 左文, ファム ナムハイSuzuki Safumi,Pham Nam Hai",S221
30(木),授業,5-6,IEE.A206,オペレーションズ・リサーチ 基礎,"水野 眞治,中田 和秀 他Mizuno Shinji, Nakata Kazuhide et al.",W934
30(木),授業&試験,5-6,LAE.E214-39,英語第八 39-LS-ADV,※MITCHELL JON※Jon Mitchell,W332
30(木),授業&試験,5-6,LAE.E214-40,英語第八 40-LS,※STONEBURGH MARK※Stoneburgh Mark,W371
30(木),授業&試験,5-6,LAE.E214-41,英語第八 41-LS,※NARUM PAUL TIMOTHY※Narum Paul,W331
30(木),授業&試験,5-6,LAE.E214-42,英語第八 42-LS,※川村 由美※Kawamura Yumi,W322
30(木),授業&試験,5-6,LAE.E214-43,英語第八 43-RW,※笠原 一郎※Kasahara Ichiro,2ラボ
30(木),授業&試験,5-6,LAE.E214-44,英語第八 44-RW,田村 斉敏Tamura Masatoshi,3ラボ
30(木),授業&試験,5-6,LAE.E214-45,英語第八 45-RW,※稲葉 麻里子※Inaba Mariko,4ラボ
30(木),授業&試験,5-6,LAE.E214-46,英語第八 46-RW,谷岡 健彦Tanioka Takehiko,W931
30(木),授業&試験,5-6,LAH.H305,歴史学Ｃ,福留 真紀Fukutome Maki,W321
30(木),授業,5-6,LAH.H313,教養特論：都市,木内 久美子Kiuchi Kumiko,W351
30(木),授業&試験,5-6,LAH.S302,法学（民事法）Ｃ,金子 宏直Kaneko Hironao,W935
30(木),授業,5-6,LAH.S306,心理学Ｃ,永岑 光恵Nagamine Mitsue,H136
30(木),授業,5-6,LAH.T301,統計学Ｃ,毛塚 和宏Kezuka Kazuhiro,南4号館3階 情報ネットワーク演習室 第1演習室
30(木),授業,5-6,LAW.W221-47,生涯スポーツ実習 D16,※若山 章信※Wakayama Akinobu,"屋内運動場,グラウンド,テニスコート"
30(木),授業,5-6,LAW.W221-48,生涯スポーツ実習 D17,※伊藤 信之※Itou Nobuyuki,"屋内運動場,グラウンド,テニスコート"
30(木),期末試験,5-6,MEC.M231,宇宙工学基礎,"松永 三郎,古谷 寛 他Matunaga Saburo,Furuya Hiroshi et al.",I121
30(木),期末試験,5-6,SCE.I203,デジタル信号処理,原 精一郎Hara Seiichiro,S621
30(木),授業,5-6,XEG.B104-01,工学リテラシーⅣ a,各 教員Teaching Staffs,"南3号館1階101号室;,南3号館1階105号室; ,南2号館3階302 号室;,南2号館3階307号室;,南2号館3階301号室最後部"
30(木),授業,5-6,XEG.B104-02,工学リテラシーⅣ b,各 教員Teaching Staffs,"南3号館1階101号室;,南3号館1階105号室; ,南2号館3階302 号室;,南2号館3階307号室;,南2号館3階301号室最後部"
30(木),授業,5-6,XEG.B104-07,工学リテラシーⅣ g,各 教員Teaching Staffs,"<前半>,石川台3号館2階，統合創造工房(201-B号室),<後半>,石川台3号館2階，統合創造工房(201-C号室)"
30(木),授業,5-6,XEG.B104-08,工学リテラシーⅣ h,各 教員Teaching Staffs,"<前半>,石川台3号館2階，統合創造工房(201-C号室),<後半>,石川台3号館2階，統合創造工房(201-B号室)"
30(木),授業,5-6,XES.A104,環境・社会理工学院専門基礎３,"中村 隆志,錦澤 滋雄 他Nakamura Takashi,Nishikizawa Shigeo et al.",W641
30(木),授業,5-8,EPS.B212,電磁気学（地惑）,"奥住 聡,佐藤 文衛Okuzumi Satoshi,Sato Bunei",I2-318
30(木),授業,5-8,MAT.A252,"材料科学実験（M, P, C）第三","宮内 雅浩,鞠谷 雄士 他Miyauchi Masahiro,Kikutani Takeshi et al.","南7,8号館"
30(木),期末試験,5-8,MEC.I333,ロボットの力学と制御,"岡田 昌史,小俣 透Okada Masafumi, Omata Toru",H121
30(木),期末試験,7-8,ARC.A307,建築生産,※竹田 智英※Takeda Tomohide,W935
30(木),授業,7-8,CSC.T272,人工知能,篠田 浩一Shinoda Koichi,W621
30(木),授業,7-8,ICT.H318,人工知能基礎（情報通信）,"奥村 学,中山 実Okumura Manabu,Nakayama Minoru",S422
30(木),期末試験,7-8,ICT.M215,離散構造とアルゴリズム,髙橋 篤司Takahashi Atsushi,S621
30(木),授業,7-8,LAE.E244-02,英語プレゼンテーション演習第八 2,※JONATHAN ABEL※Abel Jonathan,1ラボ
30(木),授業,7-8,LAS.D104-02,図形科学とCG2 B,"岩附 信行,菅原 雄介 他Iwatsuki Nobuyuki, Sugahara Yusuke et al.",I3-303コンピュータ室ならびにI3-310
30(木),期末試験,7-8,LAS.P106-16,物理学演習第二 p,西田 祐介Nishida Yusuke,H136
30(木),授業,7-8,LAW.W221-50,生涯スポーツ実習 D19,※若山 章信※Wakayama Akinobu,"屋内運動場,グラウンド,テニスコート"
30(木),授業,7-8,MAT.P312,有機化学(機能)B,道信 剛志Michinobu Tsuyoshi,S8-102
30(木),授業,7-8,MCS.T334,プログラミング言語処理系,南出 靖彦Minamide Yasuhiko,W834
30(木),期末試験,7-8,MEC.B231,確率・統計,"阪口 基己,志村 祐康Sakaguchi Motoki, Shimura Masayasu",H101
30(木),授業,7-8,PHY.C344,プラズマ物理学,河村 徹Kawamura Toru,H116
30(木),授業&試験,7-8,SCE.S203,ロボットの機構と力学,"山北 昌毅,塚越 秀行Yamakita Masaki,Tsukagoshi Hideyuki",S622
30(木),授業,7-8,TSE.A203-02,電気・磁気工学基礎,"髙田 潤一,CHOI SUNKYUNG 他Takada Jun-Ichi, Choi Sunkyung et al.",S513
30(木),授業,7-8,TSE.A203-03,電気・磁気工学基礎,"林﨑 規託,山下 幸彦 他Hayashizaki Noriyosu,Yamashita Yukihiko etal.",S224
30(木),授業,7-8,TSE.A304,工業化学,"日野出 洋文,KURNIAWAN WINARTOHinode Hirofumi,Kurniawan Winarto",S514
30(木),授業,9-10,LAE.E114-24,英語第四 24-LS-ADV,※NARUM PAUL TIMOTHY※Narum Paul,W332
3(月),授業&試験,1-2,LAE.E114-05,英語第四 5-LS,※松井 恭子※Matsui Kyoko,H104
3(月),期末試験,1-2,CHM.C334,反応物理化学,北島 昌史Kitajima Masashi,H137
3(月),授業&試験,1-2,LAE.E114-01,英語第四 1-LS-ADV,※MITCHELL JON※Jon Mitchell,W323
3(月),授業&試験,1-2,LAE.E114-02,英語第四 2-LS-ADV,※STONEBURGH MARK※Stoneburgh Mark,W322
3(月),授業&試験,1-2,LAE.E114-03,英語第四 3-LS-ADV,※NARUM PAUL TIMOTHY※Narum Paul,W332
3(月),授業&試験,1-2,LAE.E114-04,英語第四 4-LS,※YAMADA SUSAN KAY ADAMS※Suzan Yamada,W371
3(月),授業&試験,1-2,LAE.E114-06,英語第四 6-LS,※近藤 章子※Kondo Akiko,H102
3(月),授業&試験,1-2,LAE.E114-07,英語第四 7-LS,※中村 彰※Nakamura Akira,3ラボ
3(月),授業&試験,1-2,LAE.E114-08,英語第四 8-LS,田村 斉敏Tamura Masatoshi,W936
3(月),授業,1-2,LAE.E114-09,英語第四 9-LS,KIYAMA LORINDA ROBERTSONKiyama Lorinda,H115
3(月),授業&試験,1-2,LAE.E114-10,英語第四 10-LS,薩摩 竜郎Satsuma Tatsuro,4ラボ
3(月),授業&試験,1-2,LAE.E114-11,英語第四 11-RW,北川 依子Kitagawa Yoriko,H114
3(月),授業&試験,1-2,LAE.E114-12,英語第四 12-RW,原田 大介Harada Daisuke,H112
3(月),授業&試験,1-2,LAE.E114-13,英語第四 13-RW,※小堀 洋※Kobori Hiroshi,H103
3(月),授業&試験,1-2,LAE.E114-14,英語第四 14-RW,※宇貫 亮※Unuki Ryou,W331
3(月),授業&試験,1-2,LAE.E114-15,英語第四 15-RW,小泉 勇人Koizumi Yuto,W321
3(月),授業&試験,1-2,LAE.E114-16,英語第四 16-RW,※矢向 寛子※Yako Hiroko,W351
3(月),授業&試験,1-2,LAE.E114-17,英語第四 17-RW,※木村 政則※Kimura Masanori,S515
3(月),授業&試験,1-2,LAE.E114-18,英語第四 18-RW,※丸山 令子※Maruyama Reiko,S514
3(月),授業&試験,1-2,LAE.E114-19,英語第四 19-RW,※宮永 隆一朗※Miyanaga Ryuichiro,W935
3(月),授業&試験,1-2,LAE.E114-20,英語第四 20-RW,石原 由貴Ishihara Yuki,W932
3(月),授業&試験,1-2,LAE.E114-21,英語第四 21-RW,山根 亮一Yamane Ryoichi,S423
3(月),授業,1-2,LAE.E234,英語スピーキング演習第八,安納 真理子Anno Mariko,W931
3(月),授業&試験,1-2,LAE.E354,TOEFL対策セミナー（リスニング＆スピーキング）第十二,※BURNS MARK DEREK※Burns Mark,1ラボ
3(月),期末試験,1-2,LAH.S201,法学（憲法）Ｂ,※松村 芳明※Matsumura Yoshiaki,H135
3(月),期末試験,1-2,LAH.T203,技術史Ｂ,※詫間 直樹※Takuma Naoki,W521
3(月),期末試験,1-2,LAS.I122-01,コンピュータサイエンス第二 1a(CS2),鹿島 亮Kashima Ryo,W242
3(月),授業,1-2,LAS.M106-06,線形代数学第二 Q(41～50),※寺尾 宏明※Terao Hiroaki,H101
3(月),授業,1-2,LAS.M106-07,線形代数学第二 R(51～60),土岡 俊介Tsuchioka Shunsuke,W541
3(月),期末試験,1-2,PHY.C343,化学物理学,金森 英人Kanamori Hideto,H136
3(月),期末試験,1-2,TSE.A311,原子核工学概論,"小栗 慶之,小原 徹 他Oguri Yoshiyuki,Obara Toru et al.","S221,S222"
3(月),授業,1-4,LAH.H203,文化人類学Ｂ,※田中 理恵子※Tanaka Rieko,W621
3(月),授業&試験,3-4,LAE.E214-06,英語第八 6-LS,※松井 恭子※Matsui Kyoko,H104
3(月),授業,3-4,CVE.M203,測量学,"千々和 伸浩,※新名 恭仁Chijiwa Nobuhiro,※Nina Yasuhito",M111
3(月),期末試験,3-4,ICT.C214,通信方式,府 川 和 彦 Fukawa Kazuhiko,S421
3(月),授業&試験,3-4,LAE.E214-01,英語第八 1-LS,※MITCHELL JON※Jon Mitchell,W323
3(月),授業&試験,3-4,LAE.E214-02,英語第八 2-LS-ADV,※STONEBURGH MARK※Stoneburgh Mark,W322
3(月),授業&試験,3-4,LAE.E214-03,英語第八 3-LS-ADV,※NARUM PAUL TIMOTHY※Narum Paul,W332
3(月),授業&試験,3-4,LAE.E214-04,英語第八 4-LS,※YAMADA SUSAN KAY ADAMS※Suzan Yamada,W371
3(月),授業&試験,3-4,LAE.E214-05,英語第八 5-LS,※BURNS MARK DEREK※Burns Mark,1ラボ
3(月),授業&試験,3-4,LAE.E214-07,英語第八 7-LS,※矢向 寛子※Yako Hiroko,W351
3(月),授業&試験,3-4,LAE.E214-08,英語第八 8-LS,※中村 彰※Nakamura Akira,3ラボ
3(月),授業&試験,3-4,LAE.E214-09,英語第八 9-RW,※宇貫 亮※Unuki Ryou,W331
3(月),授業&試験,3-4,LAE.E214-10,英語第八 10-RW,※近藤 章子※Kondo Akiko,H102
3(月),授業&試験,3-4,LAE.E214-11,英語第八 11-RW,※宮永 隆一朗※Miyanaga Ryuichiro,W934
3(月),授業&試験,3-4,LAE.E214-12,英語第八 12-RW,北川 依子Kitagawa Yoriko,4ラボ
3(月),授業&試験,3-4,LAE.E214-13,英語第八 13-RW,※小堀 洋※Kobori Hiroshi,H113
3(月),授業&試験,3-4,LAE.E214-14,英語第八 14-RW,※丸山 令子※Maruyama Reiko,S514
3(月),授業&試験,3-4,LAE.E214-15,英語第八 15-RW,※木村 政則※Kimura Masanori,S515
3(月),授業&試験,3-4,LAE.E214-16,英語第八 16-RW,木内 久美子Kiuchi Kumiko,H116
3(月),授業&試験,3-4,LAE.E244-01,英語プレゼンテーション演習第八 1,※ANTHONY PAGE※Anthony Page,H119A
3(月),期末試験,3-4,LAS.I122-03,コンピュータサイエンス第二 2a(CS2),鹿島 亮Kashima Ryo,W242
3(月),授業,3-4,LAS.I122-13,コンピュータサイエンス第二 EN(CS2),BONNET FRANCOISBonnet Francois,学術国際情報センター情報棟３階第１実習室
3(月),授業,3-4,LAS.M105-05,微分積分学第二 M(1～10),※申 正善※Shin Jongson,H121
3(月),授業,3-4,LAS.M105-06,微分積分学第二 N(11～20),土岡 俊介Tsuchioka Shunsuke,W541
3(月),期末試験,3-4,MAT.P205,物理化学(相平衡）,塩谷 正俊Shioya Masatoshi,S8-102
3(月),授業,3-4,MEC.B232,基礎数値計算法,"長﨑 孝夫,肖 鋒Nagasaki Takao,Xiao Feng","石川台3号館301,302,303,310号室"
3(月),期末試験,3-4,MTH.C204,解析学概論第四,"隠居 良行, 三浦 達哉Kagei Yoshiyuki,Miura Tatsuya",H103
3(月),授業,3-4,TSE.A205-02,流体工学基礎,"木内 豪, 髙木 泰士 他Kinouchi Tsuyoshi, Takagi Hiroshi et al.",W241
3(月),期末試験,5-6,ARC.E304,建築設備の制御,"※岩瀬 和夫,※田村 一※Iwase Kazuo, ※Tamura Hajime",M113
3(月),授業,5-6,EEE.C211,アナログ電子回路,"鈴木 左文,ファム ナムハイSuzuki Safumi,Pham Nam Hai",S221
3(月),期末試験,5-6,IEE.A206,オペレーションズ・リサーチ 基礎,"水野 眞治,中田 和秀 他Mizuno Shinji,Nakata Kazuhide et al.",H121
3(月),授業&試験,5-6,LAE.E214-17,英語第八 17-LS,※MITCHELL JON※Jon Mitchell,4ラボ
3(月),授業&試験,5-6,LAE.E214-18,英語第八 18-LS-ADV,※STONEBURGH MARK※Stoneburgh Mark,H119A
3(月),授業&試験,5-6,LAE.E214-19,英語第八 19-LS,※NARUM PAUL TIMOTHY※Narum Paul,H104
3(月),授業&試験,5-6,LAE.E214-20,英語第八 20-LS,※BURNS MARK DEREK※Burns Mark,1ラボ
3(月),授業&試験,5-6,LAE.E214-21,英語第八 21-RW,※中村 彰※Nakamura Akira,3ラボ
3(月),授業&試験,5-6,LAE.E214-22,英語第八 22-RW,※宇貫 亮※Unuki Ryou,W322
3(月),授業&試験,5-6,LAE.E214-23,英語第八 23-RW,※小堀 洋※Kobori Hiroshi,W331
3(月),授業&試験,5-6,LAE.E344,アカデミックプレゼンテーション第十二,※ANTHONY PAGE※Anthony Page,W332
3(月),授業,5-6,LAH.H104,文学Ａ,磯﨑 憲一郎Isozaki Kenichiro,W631
3(月),授業,5-6,LAH.H106,宗教学Ａ,弓山 達也Yumiyama Tatsuya,W541
3(月),授業,5-6,LAH.S112,メディア論Ａ,柳瀬 博一Yanase Hiroichi,H101
3(月),期末試験,5-6,LAH.S306,心理学Ｃ,永岑 光恵Nagamine Mitsue,H136
3(月),授業&試験,5-6,LAH.T102,科学史Ａ,多久和 理実Takuwa Yoshimi,W641
3(月),授業&試験,5-6,LAH.T103,技術史Ａ,※小林 学※Kobayashi Manabu,W521
3(月),授業&試験,5-6,LAH.T106,科学哲学Ａ,※田子山 和歌子※Tagoyama Wakako,W933
3(月),授業,5-6,LAH.T109,言語学Ａ,"平川 八尋,山元 啓史Hirakawa Yahiro,Yamamoto Hilofumi",W621
3(月),授業,5-6,LAH.T111,教養特論：技術と美術の哲学,BEKTAS YAKUPBektas Yakup,W323
3(月),授業,5-6,MEC.F211-01,実在流体力学 A,"青木 尊之,店橋 護 他Aoki Takayuki, Tanahashi Mamoru et al.",W241
3(月),期末試験,5-8,EPS.B212,電磁気学（地惑）,"奥住 聡,佐藤 文衛Okuzumi Satoshi, Sato Bunei",I2-318
3(月),授業,5-8,MAT.A252,"材料科学実験（M, P, C）第三","宮内 雅浩,鞠谷 雄士 他Miyauchi Masahiro,Kikutani Takeshi et al.","南7,8号館"
3(月),授業&試験,5-8,MEC.M333,宇宙開発工学,"岩田 隆敬,野田 篤司 他Iwata Takanori,Noda Atsushi et al.",I121
3(月),期末試験,7-8,CAP.C212,分離操作,谷口 泉Taniguchi Izumi,W933
3(月),期末試験,7-8,CSC.T272,人工知能,篠田 浩一Shinoda Koichi,W621
3(月),授業,7-8,CVE.A210,土木振動学,盛 川 仁Morikawa Hitoshi,M321
3(月),期末試験,7-8,ICT.H318,人工知能基礎（情報通信）,"奥村 学,中山 実Okumura Manabu,Nakayama Minoru",W935
3(月),授業&試験,7-8,LAE.E154-01,TOEFL対策セミナー（リスニング＆スピーキング）第四 1,※ANTHONY PAGE※Anthony Page,W323
3(月),授業,7-8,LAH.T113,教養特論：未来社会デザイン入門,"中野 民夫,柳瀬 博一Nakano Tamio,Yanase Hiroichi","""W9-716,(West Bidg.9 Rm716)"""
3(月),期末試験,7-8,LAS.D112,図学・図形デザイン第二,"安田 幸一, 奥山 信一 他Yasuda Koichi, Okuyama Shinichi et al.",H121
3(月),期末試験,7-8,MAT.P327,繊維・複合材料B,鞠谷 雄士Kikutani Takeshi,S8-102
3(月),期末試験,7-8,MEC.F211-01,実在流体力学 A,"青木 尊之,店橋 護 他Aoki Takayuki, Tanahashi Mamoru et al.","W241,W242"
3(月),期末試験,7-8,PHY.C344,プラズマ物理学,河村 徹Kawamura Toru,H135
3(月),期末試験,7-8,TSE.A203-02,電気・磁気工学基礎,"髙田 潤一, CHOI SUNKYUNG 他Takada Jun-Ichi, Choi Sunkyung et al.",S513
3(月),期末試験,7-8,TSE.A203-03,電気・磁気工学基礎,"林﨑 規託,山下 幸彦 他Hayashizaki Noriyosu, Yamashita Yukihiko etal.",S622
3(月),授業,9-10,LAE.E311-17,英語第九 17 再履修,原田 大介Harada Daisuke,W331
4(火),授業,1-2,MEC.H231,デザイン工学,"齊藤 滋規, 葭田 貴子 他Saito Shigeki,Yoshida Takako et al.",石川台3号館201A号室，石川台5号館デザイン工房
4(火),授業,1-2,ARC.A205,建築数理,"大佛 俊泰, 田村 哲郎 他Osaragi Toshihiro,Tamura Tetsuro et al.",M114
4(火),期末試験,1-2,ARC.P305,国土・都市計画論,"中井 検裕,十代田 朗Nakai Norihiro, Soshiroda Akira",W933
4(火),期末試験,1-2,CAP.A355,触媒プロセス化学第二（均一系）,"桑田 繁樹,村橋 哲郎Kuwata Shigeki, Murahashi Tetsuro",S423
4(火),期末試験,1-2,CVE.D211,国土・都市計画概論,"朝倉 康夫,中井 検裕Asakura Yasuo,Nakai Norihiro","W933,M111"
4(火),授業,1-2,ICT.M316,数値解析（情報通信）,"金子 寛彦,長谷川 晶一Kaneko Hirohiko,Hasegawa Shoichi",W621
4(火),期末試験,1-2,IEE.B204,マクロ経済学第二,大土井 涼二Ohdoi Ryoji,W935
4(火),期末試験,1-2,LAL.F204-01,フランス語初級４ F01 French: Basic Course 4 F01,JEAN FRANCOISE MARIE-MONIQUEJean Francoise,3ラボ
4(火),授業,1-2,LAS.C105-15,量子化学基礎 M,大島 康裕Ohshima Yasuhiro,W631
4(火),授業&試験,1-2,LAS.C105-18,量子化学基礎 P,腰原 伸也Koshihara Shinya,W611
4(火),授業,1-2,LAS.P104-12,電磁気学基礎２ L,平山 博之Hirayama Hiroyuki,H136
4(火),授業,1-2,LST.A248,遺伝学,"立花 和則, 若林 憲一 他Tachibana Kazunori, Wakabayashi Ken-Ichiet al.",H121
4(火),期末試験,1-2,MAT.C316,生体材料学,"生駒 俊之,※陳 国平Ikoma Toshiyuki,※Chen Guoping",S7-202
4(火),期末試験,3-4,ARC.E202,建築環境設備学（建築設備）,"湯淺 和博,鍵 直樹 他Yuasa Kazuhiro,Kagi Naoki et al.",W935
4(火),授業&試験,3-4,CAP.A331,上級有機化学第四（有機反応化学）,田中 健Tanaka Ken,S221
4(火),授業&試験,3-4,CAP.B219-01,物理化学（分子運動論） A,和田 裕之Wada Hiroyuki,S421
4(火),授業&試験,3-4,CAP.B219-02,物理化学（分子運動論） B,中嶋 健Nakajima Ken,S622
4(火),期末試験,3-4,CHM.C202,化学統計熱力学,西野 智昭Nishino Tomoaki,H113
4(火),期末試験,3-4,CHM.D331,合成有機化学,大森 建，鈴木 啓介Ohmori Ken，Suzuki Keisuke,H104
4(火),授業,3-4,CSC.T375,システム構築演習,"佐伯 元司,小林 隆志 他Saeki Motoshi,Kobayashi Takashi et al.",情報工学系計算機室
4(火),期末試験,3-4,CVE.B202,水理学第二,"鼎 信次郎,吉村 千洋Kanae Shinjiro,Yoshimura Chihiro",M114
4(火),期末試験,3-4,CVE.N301,土木史・土木技術者倫理,"朝倉 康夫,北詰 昌樹 他Asakura Yasuo,Kitazume Masaki et al.",M113
4(火),期末試験,3-4,EEE.P322,電力工学第二,"七原 俊也,河邊 賢一Nanahara Toshiya,Kawabe Kenichi",S423
4(火),授業,3-4,ICT.I317,組み込みシステム,"長谷川 晶一,中原 啓貴Hasegawa Shoichi,Nakahara Hiroki",W621
4(火),授業,3-4,IEE.C301,経営情報システム,妹尾 大Senoo Dai,W933
4(火),期末試験,3-4,LAL.F204-03,フランス語初級４ F03 French: Basic Course 4 F03,JEAN FRANCOISE MARIE-MONIQUEJean Francoise,3ラボ
4(火),授業,3-4,LAS.C107-15,化学熱力学基礎 E,沖本 洋一Okimoto Yoichi,W241
4(火),期末試験,3-4,LAS.C107-17,化学熱力学基礎 G,河村 憲一Kawamura Kenichi,W521
4(火),期末試験,3-4,LAS.P104-05,電磁気学基礎２ E,陣 内  修 Jinnouchi Osamu,H101
4(火),期末試験,3-4,LAS.P104-14,電磁気学基礎２ N,大熊 哲Okuma Satoshi,W631
4(火),授業,3-4,LAS.P104-16,電磁気学基礎２ P,西田 祐介Nishida Yusuke,H114
4(火),授業,3-4,LST.A246,生命情報学,"伊藤 武彦,櫻井 実 他Itoh Takehiko,Sakurai Minoru et al.",H121
4(火),期末試験,3-4,MAT.C314,環境の科学,"宮内 雅浩,※徳留 弘優Miyauchi Masahiro,※Tokudome Hiromasa",S7-202
4(火),期末試験,3-4,MAT.M301,金属材料解析,"曽根 正人,稲邑 朋也 他Sone Masato, Inamura Tomonari et al.",S8-101
4(火),授業,3-4,MCS.T232,複素解析,"西畑 伸也,梅原 雅顕 他Nishibata Shinya,Umehara Masaaki et al.",W932
4(火),期末試験,3-4,MTH.C331,複素解析続論,藤川 英華Fujikawa Ege,H136
4(火),授業,3-4,PHY.C341,物性物理学I,"平原 徹,平山 博之Hirahara Toru, Hirayama Hiroyuki",H116
4(火),期末試験,3-4,TSE.A201-02,材料・物性工学基礎,"髙橋 邦夫,日野出 洋文 他Takahashi Kunio,Hinode Hirofumi et al.",S515
4(火),期末試験,3-4,TSE.A201-03,材料・物性工学基礎,"髙橋 邦夫,日野出 洋文 他Takahashi Kunio,Hinode Hirofumi et al.",S514
4(火),授業,3-4,ZUA.A203,代数学概論第二,内藤 聡Naito Satoshi,H112
4(火),授業,3-8,MEC.H331,機械設計製図,"大河 誠司,平田 敦 他Okawa SeijiHirata Atsushi et al.","石川台3号館301,302,303,310号室,石川台6号館315号室"
4(火),授業,3-8,MEC.Q201,機械システム学,"赤坂 大樹,髙原 弘樹 他Akasaka Hiroki,Takahara Hiroki et al.","石川台3号館,201A,201B,201C号,室"
4(火),授業,3-8,MTH.A204,代数学概論第四,"内藤 聡, KELLY SHANE ANDREW 他Naito Satoshi,Kelly Shane et al.",H112
4(火),授業,5-6,TSE.A314,水・物質循環システム概論,木内 豪Kinouchi Tsuyoshi,S515
4(火),授業&試験,5-6,CAP.P342,生体高分子,澤田 敏樹Sawada Toshiki,S422
4(火),授業,5-6,CSC.T374,システム制御,石井 秀明Ishii Hideaki,W611
4(火),授業,5-6,CVE.M302,応用数値解析・演習,中村 恭志Nakamura Takashi,W934
4(火),期末試験,5-6,EEE.C261,制御工学,"千葉 明,西方 敦博Chiba Akira,Nishikata Atsuhiro",S221
4(火),期末試験,5-6,ICT.C315,暗号技術とネットワークセキュリティ,"尾形 わかは，北口 善明Ogata Wakaha, Kitaguchi Yoshiaki",W331
4(火),期末試験,5-6,ICT.H217,論理と推論,"奥村 学,篠﨑 隆宏Okumura Manabu,Shinozaki Takahiro",W323
4(火),授業,5-6,LAS.C107-16,化学熱力学基礎 F,伊原 学Ihara Manabu,W641
4(火),期末試験,5-6,MAT.M206,金属の電子構造と物性,"史 蹟,中村 吉男Shi Ji,Nakamura Yoshio",S8-101
4(火),期末試験,5-6,MAT.P214,有機化学(反応)B,早川 晃鏡Hayakawa Teruaki,S8-102
4(火),授業,5-6,PHY.F352,宇宙物理学,河 合 誠 之 Kawai Nobuyuki,H135
4(火),期末試験,5-6,TSE.A305,電磁気学（融合理工）,"飯尾 俊二,片渕 竜也Iio Shunji, Katabuchi Tatsuya",S611
4(火),期末試験,5-6,TSE.M202-02,偏微分方程式と物理現象,"木内 豪中村 恭志 他,Kinouchi TsuyoshiNakamura Takashi et al.",S621
4(火),期末試験,5-7,ARC.S203,建築構造力学第一,"竹内 徹,田村 修次 他Takeuchi ToruTamura Shuji et al.",W351
4(火),期末試験,5-8,IEE.B206,実験経済学,"大和 毅彦, 數村 友也Yamato Takehiko, Kazumura Tomoya",W935
4(火),授業,5-8,MAT.P352,有機材料工学実験第三,"森川 淳子,赤坂 修一 他Morikawa Junko,Akasaka Syuichi et al.","S8-108,S8-109"
4(火),授業,5-8,ZUA.A204,代数学演習Ａ第二,"内藤 聡,KELLY SHANE ANDREW 他Naito Satoshi, Kelly Shane et al.",H112
4(火),授業,7-8,CAP.P343,高分子工業化学,芹澤 武Serizawa Takeshi,S421
4(火),授業,7-8,EEE.C341,集積回路工学,若 林 整 Wakabayashi Hitoshi,S221
4(火),授業,7-8,ICT.I216,計算機論理設計（情報通信）,"一色 剛, 渡辺 義浩Isshiki Tsuyoshi, Watanabe Yoshihiro",S422
4(火),期末試験,7-8,MAT.C206,セラミックスプロセシング,"中島 章,磯部 敏宏Nakajima Akira,Isobe Toshihiro",S7-201
4(火),授業,7-8,PHY.L210,計算物理,※板橋 健太※Itahashi Kenta,南4号館情報ネットワーク演習室第２演習室
4(火),授業,7-8,TSE.A317,環境流体力学基礎,中村 恭志Nakamura Takashi,S621
5(水),期末試験,1-2,EEE.S341,通信理論（電気電子）,"植之原 裕行,青柳 貴洋Uenohara Hiroyuki,Aoyagi Takahiro",S221
5(水),期末試験,1-2,LAE.E154-03,TOEFL対策セミナー（リスニング＆スピーキング）第四 3,安納 真理子Anno Mariko,W641
5(水),授業&試験,1-2,LAE.E254,TOEFL対策セミナー（リスニング＆スピーキング）第八,※原賀 真紀子※Haraga Makiko,W371
5(水),授業,1-2,LAL.C204-09,中国語初級４ C09,※陳 焔※Chen Yen,H116
5(水),期末試験,1-2,LAL.F204-04,フランス語初級４ F04,JEAN FRANCOISE MARIE-MONIQUEJean Francoise,4ラボ
5(水),授業,1-2,LAL.S354,スペイン語４,※大場 樹精※Oba Kodama,H118
5(水),期末試験,1-2,LAS.I122-05,コンピュータサイエンス第二 3a(CS2),※坂野 遼平※Banno Ryohei,W351
5(水),授業,1-2,LAS.M107-09,微分積分学演習第二 W,PURKAIT SOMAPurkait Soma,H111
5(水),期末試験,1-2,TSE.A204-02,反応工学基礎,"日野出 洋文,江頭 竜一 他Hinode Hirofumi, Egashira Ryuichi et al.",S622
5(水),期末試験,3-4,CAP.C211,エネルギー操作,森 伸介Mori Shinsuke,S421
5(水),期末試験,3-4,LAE.E164,TOEIC対策セミナー第四,木内 久美子Kiuchi Kumiko,W611
5(水),授業&試験,3-4,LAE.E258,TOEFL対策セミナー（リーディング＆ライティング）第八,※原賀 真紀子※Haraga Makiko,W371
5(水),授業,3-4,LAL.C204-14,中国語初級４ C14,※陳 焔※Chen Yen,W323
5(水),期末試験,3-4,LAL.R204-07,ロシア語初級４ R07,※鈴木 佑也※Suzuki Yuya,"1ラボ,Language Lab 1"
5(水),授業&試験,3-4,LAS.I122-08,コンピュータサイエンス第二 4b(CS2),永籐 直行Nagatou Naoyuki,W631
5(水),期末試験,3-4,MEC.C211-01,弾塑性力学 A,"井上 裕嗣,水谷 義弘Inoue Hirotsugu,Mizutani Yoshihiro","W241,W242"
5(水),期末試験,3-4,MEC.C211-02,弾塑性力学 B,"井上 裕嗣,水谷 義弘Inoue Hirotsugu, Mizutani Yoshihiro","W241,W242"
5(水),期末試験,3-4,TSE.M204-02,統計とデータ解析,"花岡 伸也,高橋 史武 他Hanaoka Shinya, Takahashi Fumitake et al.",S514
5(水),授業,5-6,LAE.E112-42,英語第二 再2,原田 大介Harada Daisuke,H137
5(水),授業&試験,5-6,LAE.E144,英語プレゼンテーション演習第四,※原賀 真紀子※Haraga Makiko,W242
5(水),授業,5-6,LAE.E212-50,英語第六 再2,原田 大介Harada Daisuke,H137
5(水),期末試験,5-6,LAL.F234,フランス語セミナー（入門・基礎）４,JEAN FRANCOISE MARIE-MONIQUEJean Francoise,西3号館8階会議室
5(水),期末試験,5-6,MTH.C361,確率論,二宮 祥一Ninomiya Syoiti,H103
5(水),授業,5-8,LAE.E362,アカデミックライティング第十二,KIYAMA LORINDA ROBERTSONKiyama Lorinda,H104
5(水),期末試験,7-8,CAP.C213,化学プロセスシステム第一（解析・合成）,松本 秀行Matsumoto Hideyuki,S421
5(水),授業,7-8,LAH.H159,人文学系ゼミ（博物館と歴史学）導入２,福留 真紀Fukutome Maki,W9-714
5(水),授業,7-8,LAH.H259,人文学系ゼミ（博物館と歴史学）２,福留 真紀Fukutome Maki,W9-714
5(水),授業,7-8,LAH.H367,人文学系ゼミ（博物館と歴史学）４,福留 真紀Fukutome Maki,W9-714
5(水),期末試験,7-8,LAL.F364,フランス語セミナー（応用・留学）４,JEAN FRANCOISE MARIE-MONIQUEJean Francoise,西3号館8階会議室
6(木),授業,1-2,CVE.D313,インフラストラクチャーの都市計画,室町 泰徳Muromachi Yasunori,M111
6(木),授業,1-2,LAE.E114-03,英語第四 3-LS-ADV,※NARUM PAUL TIMOTHY※Narum Paul,W332
6(木),授業,1-2,LAE.E114-04,英語第四 4-LS,※YAMADA SUSAN KAY ADAMS※Suzan Yamada,W371
6(木),授業,1-2,LAE.E114-05,英語第四 5-LS,※松井 恭子※Matsui Kyoko,H104
6(木),授業,1-2,LAE.E114-07,英語第四 7-LS,※中村 彰※Nakamura Akira,3ラボ
6(木),授業,1-2,LAE.E114-13,英語第四 13-RW,※小堀 洋※Kobori Hiroshi,H103
6(木),授業,1-2,LAE.E114-23,英語第四 23-LS-ADV,※STONEBURGH MARK※Stoneburgh Mark,W322
6(木),授業,1-2,LAE.E114-28,英語第四 28-LS,※蒔田 裕美※Makita Hiromi,H102
6(木),授業,1-2,LAE.E114-29,英語第四 29-LS,KIYAMA LORINDA ROBERTSONKiyama Lorinda,W834
6(木),期末試験,1-2,LAE.E234,英語スピーキング演習第八,安納 真理子Anno Mariko,W833
6(木),授業&試験,1-2,LAE.E334,英語スピーキング演習第十二,※JONATHAN ABEL※Abel Jonathan,H119B
6(木),期末試験,1-2,LAH.H203,文化人類学Ｂ,※田中 理恵子※Tanaka Rieko,W621
6(木),期末試験,1-2,LAH.H217,教養特論：アートとデザイン,※田中 みゆき※Tanaka Miyuki,W9-714
6(木),授業,1-2,LAL.G204-01,ドイツ語初級４ D11,※小笠原 能仁※Ogasawara Yoshihito,W611
6(木),期末試験,1-2,LAS.I122-10,コンピュータサイエンス第二 5b(CS2),※伊知地 宏※Ichiji Hiroshi,W323
6(木),期末試験,1-2,LAS.M105-07,微分積分学第二 O(21～30),※梶原 健※Kajiwara Takeshi,H101
6(木),期末試験,3-4,CAP.P212,高分子化学第二（連鎖重合）,佐藤 浩太郎Satoh Kotaro,W933
6(木),期末試験,3-4,CVE.M203,測量学,"千々和 伸浩,※新名 恭仁Chijiwa Nobuhiro, ※Nina Yasuhito",M113
6(木),授業,3-4,LAE.E214-03,英語第八 3-LS-ADV,※NARUM PAUL TIMOTHY※Narum Paul,W332
6(木),授業,3-4,LAE.E214-04,英語第八 4-LS,※YAMADA SUSAN KAY ADAMS※Suzan Yamada,W322
6(木),授業,3-4,LAE.E214-06,英語第八 6-LS,※松井 恭子※Matsui Kyoko,H104
6(木),授業,3-4,LAE.E214-08,英語第八 8-LS,※中村 彰※Nakamura Akira,3ラボ
6(木),授業,3-4,LAE.E214-13,英語第八 13-RW,※小堀 洋※Kobori Hiroshi,H113
6(木),授業&試験,3-4,LAE.E214-25,英語第八 25-LS,※STONEBURGH MARK※Stoneburgh Mark,W242
6(木),授業,3-4,LAE.E214-28,英語第八 28-LS,※蒔田 裕美※Makita Hiromi,H102
6(木),授業,3-4,LAE.E214-30,英語第八 30-LS,DE FERRANTI HUGH BARRY ZIANIDe Ferranti Hugh,W371
6(木),授業&試験,3-4,LAE.E358,TOEFL対策セミナー（リーディング＆ライティング）第十二,※JONATHAN ABEL※Abel Jonathan,H119B
6(木),授業,3-4,LAL.G204-06,ドイツ語初級４ D21,※小笠原 能仁※Ogasawara Yoshihito,W611
6(木),期末試験,3-4,LAS.I122-12,コンピュータサイエンス第二 6b(CS2),※伊知地 宏※Ichiji Hiroshi,W323
6(木),期末試験,5-6,EEE.C211,アナログ電子回路,"鈴木 左文, ファム ナムハイSuzuki Safumi, Pham Nam Hai",S221
6(木),授業,5-6,LAE.E214-19,英語第八 19-LS,※NARUM PAUL TIMOTHY※Narum Paul,H104
6(木),授業,5-6,LAE.E214-21,英語第八 21-RW,※中村 彰※Nakamura Akira,3ラボ
6(木),授業,5-6,LAE.E214-23,英語第八 23-RW,※小堀 洋※Kobori Hiroshi,W331
6(木),授業&試験,5-6,LAE.E214-40,英語第八 40-LS,※STONEBURGH MARK※Stoneburgh Mark,W371
6(木),授業,5-6,LAH.S110,教養特論：ファッション論,※高村 是州※Takamura Zeshu,S222
6(木),授業,5-6,LAS.M105-09,微分積分学第二 W,PURKAIT SOMAPurkait Soma,H111
6(木),授業,5-6,LAW.W221-47,生涯スポーツ実習 D16,※若山 章信※Wakayama Akinobu,"屋内運動場,グラウンド,テニスコート"
6(木),授業,5-6,XES.A104,環境・社会理工学院専門基礎３,中村 隆志，錦澤 滋雄 他Nakamura Takashi，Nishikizawa Shigeo et al.,W641
6(木),授業,5-8,MAT.A252,"材料科学実験（M, P, C）第三","宮内 雅浩,鞠谷 雄士 他Miyauchi Masahiro,Kikutani Takeshi et al.","南7,8号館"
6(木),期末試験,7-8,CVE.A210,土木振動学,盛 川 仁Morikawa Hitoshi,M321
6(木),授業&試験,7-8,LAE.E244-02,英語プレゼンテーション演習第八 2,※JONATHAN ABEL※Abel Jonathan,1ラボ
6(木),期末試験,7-8,LAS.P104-06,電磁気学基礎２ F,藤岡 宏之Fujioka Hiroyuki,H101
6(木),授業,7-8,LAW.W221-50,生涯スポーツ実習 D19,※若山 章信※Wakayama Akinobu,"屋内運動場,グラウンド,テニスコート"
6(木),期末試験,7-8,MAT.P312,有機化学(機能)B,道信 剛志Michinobu Tsuyoshi,S8-102
6(木),授業,9-10,LAE.E114-03,英語第四 3-LS-ADV,※NARUM PAUL TIMOTHY※Narum Paul,W332
7(金),授業,1-2,ARC.A205,建築数理,"大佛 俊泰,田村 哲郎 他Osaragi Toshihiro, Tamura Tetsuro et al.",M114
7(金),期末試験,1-2,CAP.C204,化工熱力学,青木 才子Aoki Saiko,W611
7(金),期末試験,1-2,CHM.D303,有機化学演習第三,"江口 正,鈴木 啓介 他Eguchi Tadashi, Suzuki Keisuke et al.",H116
7(金),期末試験,1-2,EEE.M241,離散時間システム,黒澤 実Kurosawa Minoru,S221
7(金),期末試験,1-2,EEE.S361,光エレクトロニクス,"小山 二三夫,植之原 裕行Koyama Fumio,Uenohara Hiroyuki",S622
7(金),期末試験,1-2,ICT.M316,数値解析（情報通信）,"金子 寛彦, 長谷川 晶一Kaneko Hirohiko,Hasegawa Shoichi",W331
7(金),期末試験,1-2,LAS.C105-12,量子化学基礎 J,大島 康裕Ohshima Yasuhiro,H121
7(金),期末試験,1-2,LAS.C105-15,量子化学基礎 M,大島 康裕Ohshima Yasuhiro,H121
7(金),期末試験,1-2,LAS.C105-16,量子化学基礎 N,小松 隆之Komatsu Takayuki,W933
7(金),期末試験,1-2,LAS.C105-17,量子化学基礎 O,※長村 吉洋※Osamura Yoshihiro,W242
7(金),期末試験,1-2,LAS.M105-05,微分積分学第二 M(1～10),※申 正善※Shin Jongson,W521
7(金),期末試験,1-2,LAS.M105-06,微分積分学第二 N(11～20),土岡 俊介Tsuchioka Shunsuke,W541
7(金),期末試験,1-2,LAS.P104-09,電磁気学基礎２ I,TILMA TODD EDWARDTilma Todd,H103
7(金),期末試験,1-2,LAS.P104-10,電磁気学基礎２ J,田中 秀数Tanaka Hidekazu,W241
7(金),期末試験,1-2,LAS.P104-11,電磁気学基礎２ K,須山 輝明Suyama Teruaki,W621
7(金),期末試験,1-2,LAS.P104-12,電磁気学基礎２ L,平山 博之Hirayama Hiroyuki,H101
7(金),期末試験,1-2,LST.A248,遺伝学,"立花 和則,若林 憲一 他Tachibana Kazunori, Wakabayashi Ken-Ichiet al.",W631
7(金),授業,3-4,CVE.M302,応用数値解析・演習,中村 恭志Nakamura Takashi,W934
7(金),期末試験,3-4,EEE.P301,電気機器工学,"千葉 明,萩原 誠Chiba Akira,Hagiwara Makoto",S221
7(金),期末試験,3-4,ICT.I317,組み込みシステム,"長谷川 晶一,中原 啓貴Hasegawa Shoichi, Nakahara Hiroki",W621
7(金),期末試験,3-4,LAS.C107-15,化学熱力学基礎 E,沖本 洋一Okimoto Yoichi,W241
7(金),期末試験,3-4,LAS.C107-16,化学熱力学基礎 F,伊原 学Ihara Manabu,S222
7(金),期末試験,3-4,LAS.M105-09,微分積分学第二 W,PURKAIT SOMAPurkait Soma,H111
7(金),期末試験,3-4,LAS.M106-06,線形代数学第二 Q(41～50),※寺尾 宏明※Terao Hiroaki,H101
7(金),期末試験,3-4,LAS.M106-07,線形代数学第二 R(51～60),土岡 俊介Tsuchioka Shunsuke,W541
7(金),期末試験,3-4,LAS.P104-13,電磁気学基礎２ M,横山 毅人Yokoyama Takehito,W521
7(金),期末試験,3-4,LAS.P104-15,電磁気学基礎２ O,足立 聡Adachi Satoshi,W631
7(金),期末試験,3-4,LAS.P104-16,電磁気学基礎２ P,西田 祐介Nishida Yusuke,W331
7(金),期末試験,3-4,LST.A246,生命情報学,"伊藤 武彦,櫻井 実 他Itoh TakehikoSakurai Minoru et al.",H136
7(金),期末試験,3-4,MAT.P221,有機材料構造A,扇澤 敏明Ougizawa Toshiaki,S8-102
7(金),期末試験,3-4,MCS.T232,複素解析,"西畑 伸也,梅原 雅顕 他Nishibata Shinya,Umehara Masaaki et al.",W242
7(金),期末試験,3-4,PHY.C341,物性物理学I,"平原 徹,平山 博之Hirahara Toru,Hirayama Hiroyuki",H135
7(金),期末試験,3-4,PHY.Q208,量子力学II,"慈道 大介,村上 雄太 他Jido Daisuke,Murakami Yuta et al.",W933
7(金),授業,3-4,SCE.I351,先端センシングテクノロジー,"※金川 信康,※古谷 利器※Kanekawa Nobuyasu,※Huruya Riki",S515
7(金),期末試験,3-4,ZUA.A203,代数学概論第二,内藤 聡Naito Satoshi,H112
7(金),期末試験,3-4,ZUB.Q206,量子力学第二,慈道 大介Jido Daisuke,W933
7(金),授業,3-8,MEC.H331,機械設計製図,"大河 誠司, 平田 敦 他Okawa Seiji,Hirata Atsushi et al.","石川台3号館301,302,303,310号室,石川台6号館315号室"
7(金),授業,3-8,MEC.Q201,機械システム学,"赤坂 大樹,髙原 弘樹 他Akasaka Hiroki, Takahara Hiroki et al.","石川台3号館,201A,201B,201C号,室"
7(金),期末試験,3-8,MTH.A204,代数学概論第四,"内藤 聡,KELLY SHANE ANDREW 他Naito Satoshi, Kelly Shane et al.",H112
7(金),期末試験,5-6,CSC.T374,システム制御,石井 秀明Ishii Hideaki,W611
7(金),期末試験,5-6,CVE.L212,土木工学英語第三,"WIJEYEWICKREMA ANIL CHRISTOPHER BUI QUOC TINHWijeyewickrema Anil, Bui Tinh Quoc",緑が丘5号館M5会議室
7(金),期末試験,5-6,EEE.P341,電力エネルギー変換工学,小栗 慶之Oguri Yoshiyuki,S224
7(金),授業,5-6,LAW.W131-44,生涯ウェルネス実習 B16,※山元 健太※Yamamoto Kenta,屋内運動場（グラウンド・テニスコート）
7(金),期末試験,5-6,PHY.F352,宇宙物理学,河 合 誠 之 Kawai Nobuyuki,H135
7(金),期末試験,5-6,SCE.S303,バイオシステム基礎,"中島 求,倉林 大輔 他Nakashima Motomu, Kurabayashi Daisuke etal.",S621
7(金),期末試験,5-6,TSE.A314,水・物質循環システム概論,木内 豪Kinouchi Tsuyoshi,S515
7(金),期末試験,5-6,MAT.C201,無機量子化学,"矢野 哲司, 松下 伸広Yano Tetsuji, Matsushita Nobuhiro",S7-201
7(金),授業,5-8,MAT.P352,有機材料工学実験第三,"森川 淳子,赤坂 修一 他Morikawa Junko, Akasaka Syuichi et al.","S8-108,S8-109"
7(金),期末試験,5-8,MCS.T233,計算機システム,"遠藤 敏夫,額田 彰Endo Toshio,Nukada Akira",W621
7(金),期末試験,7-8,CAP.P343,高分子工業化学,芹澤 武Serizawa Takeshi,S224
7(金),授業,7-8,CSC.T342,問題解決と意思決定,"出口 弘, 小野 功 他Deguchi Hiroshi, Ono Isao et al.",W611
7(金),期末試験,7-8,EEE.C341,集積回路工学,若 林 整 Wakabayashi Hitoshi,S222
7(金),期末試験,7-8,ICT.I216,計算機論理設計（情報通信）,"一色 剛, 渡辺 義浩Isshiki Tsuyoshi,Watanabe Yoshihiro",S622
7(金),授業,7-8,LAW.W131-46,生涯ウェルネス実習 B18,※山元 健太※Yamamoto Kenta,屋内運動場（グラウンド・テニスコート）
7(金),期末試験,7-8,MAT.P215,無機化学,森 健彦Mori Takehiko,S8-102
7(金),授業,7-8,PHY.L210,計算物理,※板橋 健太※Itahashi Kenta,南4号館情報ネットワーク演習室第２演習室
7(金),授業,7-8,TSE.A317,環境流体力学基礎,中村 恭志Nakamura Takashi,S621
7(金),期末試験,9-10,LAS.B104-01,生命科学基礎第二２ A,"中村 聡, 福居 俊昭 他Nakamura Satoshi,Fukui Toshiaki et al.",H121・・・14～18B学生19B00013～19B12654W521・・・19B12795～19B40372W541・・・19B40389～19B51370
7(金),期末試験,9-10,LAS.B104-02,生命科学基礎第二２ B,"中村 聡, 福居 俊昭 他Nakamura Satoshi,Fukui Toshiaki et al.",H121・・・14～18B学生19B00013～19B12654W521・・・19B12795～19B40372W541・・・19B40389～19B51370
7(金),期末試験,9-10,LAS.B104-03,生命科学基礎第二２ C,"中村 聡,福居 俊昭 他Nakamura Satoshi,Fukui Toshiaki et al.",H121・・・14～18B学生19B00013～19B12654W521・・・19B12795～19B40372W541・・・19B40389～19B51370
7(金),期末試験,9-10,LAS.B104-04,生命科学基礎第二２ D,"中村 聡,福居 俊昭 他Nakamura Satoshi,Fukui Toshiaki et al.",H121・・・14～18B学生19B00013～19B12654W521・・・19B12795～19B40372W541・・・19B40389～19B51370
7(金),期末試験,9-10,LAS.B104-05,生命科学基礎第二２ E,"中村 聡,福居 俊昭 他Nakamura Satoshi, Fukui Toshiaki et al.",H121・・・14～18B学生19B00013～19B12654W521・・・19B12795～19B40372W541・・・19B40389～19B51370
7(金),期末試験,9-10,LAS.B104-06,生命科学基礎第二２ F,"中村 聡, 福居 俊昭 他Nakamura Satoshi, Fukui Toshiaki et al.",H121・・・14～18B学生19B00013～19B12654W521・・・19B12795～19B40372W541・・・19B40389～19B51370
7(金),期末試験,9-10,LAS.B104-07,生命科学基礎第二２ G,"中村 聡, 福居 俊昭 他Nakamura Satoshi,Fukui Toshiaki et al.",H121・・・14～18B学生19B00013～19B12654W521・・・19B12795～19B40372W541・・・19B40389～19B51370
7(金),期末試験,9-10,LAS.B104-08,生命科学基礎第二２ H,"中村 聡,福居 俊昭 他Nakamura Satoshi, Fukui Toshiaki et al.",H121・・・14～18B学生19B00013～19B12654W521・・・19B12795～19B40372W541・・・19B40389～19B51370
7(金),期末試験,9-10,LAS.B104-09,生命科学基礎第二２ K,TAKAHASHI MASAYUKITakahashi Masayuki,H137
